date,zoo_strict_ret,zoo_extended_ret,hs300_ret,zoo_strict_nav,zoo_extended_nav,hs300_nav
20231225,-0.0011685734696355,0.008075985294704,0.0030632308292022,0.9988314265303644,1.008075985294704,1.0030632308292022
20231226,-0.0128525370120408,-0.0036198057379298,-0.0067695095025743,0.9859939086520932,1.004426946058865,0.996272984756421
20231227,0.0135531088721119,-0.0044832601637504,0.0034790165105755,0.9993571914432944,0.999923838744202,0.9997390349194292
20231228,0.0152666888416651,0.0117690051524783,0.0234336719101899,1.0146140667267394,1.0116919475544683,1.023166591459541
20231229,0.0129395949999135,0.0107768440504199,0.0048526590826882,1.0277427618313988,1.0225947939003284,1.0281316701126904
20240102,0.0035768244578608,-0.000513764919279,-0.0130446710552757,1.0314188172783068,1.022069420568585,1.014720030674559
20240103,-0.008451802346552,-0.0075863357069716,-0.0023786952816071,1.022701469298156,1.0143156588283218,1.012306320925441
20240104,0.0028915202150023,-0.0042426150380169,-0.0092488017113709,1.0256586312705442,1.0100123079608805,1.002943700492034
20240105,-0.0253196344831635,-0.0227566562941775,-0.0053600901736838,0.9996893296222722,0.9870278050157258,0.9975678318182686
20240108,-0.0097326650737023,-0.0146238638301772,-0.0129328805278188,0.9899596881993046,0.9725936447985772,0.9846664062309676
20240109,0.0118805589184669,0.0052370268137708,0.0019607088910587,1.0017209626018635,0.9776871437952904,0.9865970504083916
20240110,0.0153753857375007,-0.0087605125928815,-0.0046683076084995,1.0171228088032076,0.9691221032601732,0.9819913118914468
20240111,0.0089527201832249,0.0177288476738242,0.0056582148581882,1.0262288247023983,0.9863035214062092,0.9875476297230028
20240112,-0.0122834877145569,-0.0089472770166264,-0.0034909423775431,1.0136231555418422,0.9774787905777136,0.9841001578525606
20240115,0.0100095185234621,-0.001308231471992,-0.0009887439635754,1.0237690352930484,0.9762000220606752,0.9831271347619304
20240116,0.003848573836573,-0.0061707677766468,0.0060826545729024,1.0277090860169709,0.9701761184209812,0.9891071575239344
20240117,-0.0327569008434855,-0.0230594067901351,-0.0217500432157983,0.9940445213903636,0.9478044326482374,0.9675940341027334
20240118,-0.0137196155661232,-0.0090751873402536,0.014136091929533,0.9804066127012768,0.939202929860032,0.9812720323192772
20240119,-0.0100639184204874,-0.0149075609837169,-0.0015122779945794,0.9705398805321448,0.925201704907058,0.9797880762181046
20240122,-0.0587556470200498,-0.0591129804060372,-0.0155590766255171,0.9135151818927169,0.8705102746532547,0.9645434784634592
20240123,-0.0124988128820854,0.0029356522579031,0.0040483685490726,0.9020973265692956,0.8730657901065684,0.9684483059458836
20240124,0.0305226452024225,0.0163320502133418,0.0139780129717421,0.929631723206224,0.8873247444301399,0.9819852889288572
20240125,0.0275040206188358,0.033554835027297,0.0200817250839604,0.955200333289212,0.917098779845132,1.0017052475376198
20240126,-0.0046425852790686,-0.0038239330186118,-0.0027214539963862,0.950765734283322,0.9135918555395536,0.9989791527885076
20240129,-0.0369538584898872,-0.028240870432495,-0.0089569587908026,0.9156312718815824,0.8877912263190781,0.99003133768411
20240130,-0.0354549146007589,-0.0359772279398128,-0.0178336580547393,0.8831676433312364,0.8558509590068307,0.9723754573443752
20240131,-0.0578732025382797,-0.048798057054488,-0.0091483962887716,0.8320559034334727,0.8140870950790771,0.9634797813191134
20240201,-0.0184018424204937,-0.015006103886548,0.0007336988755008,0.8167445418134484,0.8018708195576224,0.9641866853512352
20240202,-0.0307941422617143,-0.0394345798704073,-0.0118355256838021,0.7915935942013663,0.7702493806780284,0.9527750290727804
20240205,-0.0874635082360824,-0.0829138649996154,0.0065398224622279,0.722358041355305,0.706385027512453,0.9590060086093604
20240206,-0.0053934993768983,0.0213203381411043,0.0347674172198175,0.7184620037093576,0.7214453951568317,0.992348170626994
20240207,-0.0232486270207628,-0.0202994090197189,0.0096440424022496,0.7017587485565289,0.7068004799951504,1.0019184184623158
20240208,0.0669483616075188,0.0678746356636872,0.0063701420578705,0.7487403470161312,0.7547743050617405,1.0083007811183178
20240219,0.0359091643892926,0.035676875098066,0.0115539115126237,0.7756269872220295,0.7817022936706578,1.019950599121468
20240220,0.0231308922045589,0.0159371220303731,0.0020701521396127,0.7935679314544091,0.7941603785163095,1.0220620520365389
20240221,0.0363766829518186,0.0185780910027629,0.0134913711644431,0.8224353004976567,0.8089143622991741,1.035851070533656
20240222,0.0171683461928429,0.02492778368825,0.0086214953967189,0.8365551544578153,0.8290788045448866,1.0447816557699483
20240223,0.021966459152653,0.0266998241836203,0.000879606003967,0.8549313090871541,0.8512150628606011,1.0457006519871983
20240226,0.0167723504426017,0.0152754975828994,-0.0104257289422231,0.869270516607516,0.8642177964958558,1.0347984604348737
20240227,0.0329649429364323,0.0273418754359024,0.0119966982866099,0.8979259695838058,0.8878471318371357,1.0472126253521594
20240228,-0.062204592266915,-0.0660608937736776,-0.0127411470008161,0.8420708507599708,0.8291951567735784,1.033869935351437
20240229,0.0376763378695016,0.0387757090199394,0.0190776358348436,0.8737969966432623,0.8613477868933737,1.053593729478665
20240301,0.0069920656289489,0.0160935560647862,0.0061776705700826,0.8799066425901705,0.8752099357930219,1.060102484454089
20240304,0.0080179367219503,0.0045901228074327,0.0008663001605684,0.8869616783716823,0.8792272568805972,1.0610208514065904
20240305,-0.001190701408736,-0.0131333654010431,0.0069603543040259,0.8859055718517502,0.8676800440454275,1.0684059324563395
20240306,-0.0040737075136189,0.0057975101388938,-0.0040572547977159,0.8822966516673408,0.8727104278980967,1.0640711373609728
20240307,-0.0076091001045292,-0.0084424483980683,-0.0060062830464052,0.8755831681229131,0.8653426151441108,1.0576800249284724
20240308,0.0086022745884112,0.0105220513994633,0.004303571431101,0.8831151749600976,0.8744477946188031,1.0622318264670008
20240311,0.0200169629485806,0.0202216951866171,0.0125119117978147,0.9007924586966032,0.8921306113781942,1.0755223773885876
20240312,0.0173934918803181,0.0142603717649103,0.0022930609580489,0.9164603850127946,0.904852725559304,1.0779886157616854
20240313,0.0057032072997904,0.0002746840295739,-0.0069862244936677,0.9216871485705684,0.9051012741521316,1.0704575452903562
20240314,-0.000132180617628,-0.0025859631106711,-0.0028379270739994,0.9215653193940104,0.9027607156457528,1.0674196648410097
20240315,0.0271746532275853,0.0138010637180996,0.0021812503647651,0.9466085373751116,0.915219773804577,1.0697479743743017
20240318,0.0115723377189759,0.0164706462451153,0.0093935758417453,0.9575630110572824,0.9302940349354468,1.0797967331031402
20240319,0.0045913368658605,-0.0022812031735213,-0.0071867625282778,0.961959505411334,0.928171845230644,1.0720364904035176
20240320,0.0150143239664107,0.0111682793860606,0.0021672166629402,0.976402677068148,0.9385379277164552,1.0743598257488
20240321,-0.0037599199431538,0.0012614181155258,-0.0011975286997168,0.9727314811700908,0.9397218164605846,1.073073249023643
20240322,-0.021034919770003,-0.0144071734950954,-0.0100773501879399,0.9522701525059216,0.9261830812137108,1.0622595141159212
20240325,-0.0221372295281657,-0.0236697217803958,-0.0054270486651024,0.9311895295670766,0.9042605853636724,1.056494580037846
20240326,0.0090679740494447,0.0028709035111706,0.0051005407793387,0.9396335320563056,0.9068566302532064,1.0618832737264794
20240327,-0.0247609554584186,-0.0351237631725784,-0.011558416407132,0.9163673080218228,0.8750044127407101,1.04960958467298
20240328,0.0132942005914614,0.0230357184676635,0.0051896395858086,0.9285496788301224,0.8951607680505683,1.055056680123243
20240329,0.0066865211675413,0.0118954630139825,0.0046917538056614,0.9347584459127336,0.905809119858482,1.0600067463174
20240401,0.0224841954196702,0.0216506766145171,0.0164417125469644,0.9557757374808228,0.9254205001870184,1.0774350725381936
20240402,-0.0037275349098944,0.0002361024493212,-0.004163562681605,0.9522130500533328,0.9256389942337646,1.0729491040783212
20240403,0.0010260705026905,-0.0086138649249742,-0.0035950754437171,0.9531900877762696,0.917665664968146,1.0690917711018908
20240408,-0.0229905056055157,-0.0217281960477829,-0.0087996448010261,0.931275765720127,0.8977264454933991,1.0596841432564943
20240409,0.0048580727806094,0.0172041385155082,-0.0008258663162622,0.9357999711688132,0.9131710556107024,1.0588089858167016
20240410,-0.0246587956686801,-0.0235574740492828,-0.0081445040509698,0.9127242708930048,0.891659052165597,1.050185511742514
20240411,0.0024476667362764,-0.0018429080047425,-0.0001323647849067,0.9149583157302618,0.89001580656086,1.0500465041631402
20240412,-0.0042581701176019,-0.003712207388114,-0.0081061119961172,0.9110622675713678,0.8867118833082065,1.0415347095992624
20240415,-0.0502527389778283,-0.0373702948463828,0.0210703090986177,0.8652788932465554,0.8535751987851875,1.063480167867458
20240416,-0.0712497801549396,-0.0703521861889039,-0.010696108246093,0.8036279623300288,0.7935243174740212,1.0521050688743745
20240417,0.0660268440612872,0.062817693333697,0.0154618707119384,0.8566889804820835,0.8433716847019355,1.0683725814246852
20240418,0.0040737315985279,-0.0015209514491107,0.001233745526102,0.8601789014519841,0.8420889573159491,1.069690681317228
20240419,-0.0081286220907533,-0.0014038390239886,-0.0078827625668181,0.8531868322316415,0.840906799975999,1.0612585636564662
20240422,-0.0015058521458115,-0.0066396828854071,-0.0030373876173781,0.8519020590095473,0.8353234454879759,1.0580351100363796
20240423,0.0134867927472248,0.0075644605759325,-0.0069895971414689,0.8633914855203432,0.8416422167595217,1.0506398708556954
20240424,0.0144439798975174,0.017695856804176,0.0043913326837647,0.8758622947808866,0.8565357969076475,1.0552535800594505
20240425,0.0050079034881518,0.0051196176214598,0.0024589238271151,0.8802485286220605,0.8609209326669071,1.057848368231107
20240426,0.0156208847767938,0.0141816428280871,0.0152926340459045,0.893998789462608,0.8731302058372128,1.0740256562025223
20240429,0.0333811519855494,0.0277837435304079,0.0110604992047751,0.9238414989285564,0.8973890315448463,1.0859049161188588
20240430,-0.0032253624702626,-0.0048986810033625,-0.0053859193726648,0.9208617752294412,0.8929930089433916,1.080056319794262
20240506,0.0405308503360509,0.0275096858683488,0.0148381102478161,0.958185086021456,0.917558966102056,1.09608231454122
20240507,0.0122232260177083,0.0084906484148737,0.0003091684309644,0.9698971988946936,0.9253496366831434,1.0964211885906143
20240508,-0.009550817407187,-0.0174334592550674,-0.0078666958767726,0.960633887844308,0.9092175914953364,1.0877959765471226
20240509,0.0090694612390292,0.0133065055606865,0.0094588396256505,0.96934631965501,0.9213161004324432,1.0980852642347096
20240510,-0.0125787608770989,-0.00638632463872,0.0004682962024644,0.9571531440929738,0.915432276720202,1.098599493393933
20240513,-0.0124738512368563,-0.016478450996168,-0.0004327005179176,0.9452137581626686,0.9003473708079576,1.0981241288241572
20240514,0.0143246936906557,0.0127952733701919,-0.0020862060746354,0.9587536557205424,0.9118675615455788,1.0958332155959003
20240515,-0.0114191459794058,-0.0056697278860646,-0.0084739172229035,0.9478055077675804,0.9066975206034864,1.0865472156368323
20240516,0.0077635732718959,0.0048669794760815,0.0039445889402862,0.9551638652746408,0.9111103988272774,1.0908331977667325
20240517,0.0088480905082695,0.0138520614973336,0.0103315079456993,0.9636152416048192,0.9237311561026932,1.102103149616892
20240520,0.0003119248502608,0.0039370286266154,0.0035325740593397,0.9639158171447658,0.927367912107566,1.1059964106139453
20240521,-0.0079292997710706,-0.0090185760995738,-0.0040101195289912,0.9562726396765484,0.919004374019921,1.101561232808748
20240522,0.0021526521156513,0.0016359405686019,0.0022550426312928,0.9583311619974876,0.9205078105581028,1.1040453003497113
20240523,-0.0275570439244863,-0.0225147093106508,-0.0115781971316757,0.9319223880721188,0.8997828447852034,1.0912624462199625
20240524,-0.008532580669833,-0.0128147962234956,-0.0110704574344546,0.92397068511787,0.8882523109838838,1.0791816717592653
20240527,-0.0009924130464093,0.0095654177862874,0.0095051322577408,0.9230537245554592,0.8967488154380799,1.089439436279467
20240528,-0.0096680987136769,-0.011538244374764,-0.0072985786344387,0.91412955002843,0.8864019084627752,1.0814880768863229
20240529,-0.0003422740920401,0.0042282104986523,0.0012052347513242,0.9138166671666867,0.8901498023181631,1.0827915238997292
20240530,-0.0086991437220885,-0.0063826122829697,-0.0053161979932986,0.905867244643364,0.8844683212562041,1.0770351897732129
20240531,0.0021280798268657,0.0053892599892754,-0.0040028243512855,0.907795002452508,0.8892349509917319,1.072724007088397
20240603,-0.0130459652615576,-0.0166061720162001,0.0024647445796834,0.8959519403858969,0.8744681624327458,1.0753679977703643
20240604,-0.0062190336466436,-0.0053996799074594,0.0075020864517023,0.8903799851228613,0.8697463142663447,1.0834355014570318
20240605,-0.019577214741351,-0.0200915887133972,-0.0057742526049242,0.8729488249527101,0.8522717290351122,1.077179471190476
20240606,-0.0399568118471268,-0.0355366846132256,-0.0007088585002488,0.8380685730019042,0.8219848173956229,1.0764159033660292
20240607,0.0272178269212508,0.020151743778127,-0.005047288807162,0.8608789783700097,0.8385492448252901,1.0709829214251183
20240611,-0.0051763593343783,0.0035914286565404,-0.0087398436026514,0.856422759434554,0.841560834613076,1.0616226981907522
20240612,0.0128266915054451,0.0127264524344023,0.0003515222134009,0.8674078299680631,0.8522709185454352,1.0619958821514168
20240613,-0.0060353087189098,-0.0061244911413989,-0.0050765457458087,0.8621727559290061,0.8470511928547317,1.0566046114738146
20240614,0.007321382651177,-0.0005959529452183,0.0043681025314263,0.8684850525865823,0.8465463902015993,1.0612199687519102
20240617,-0.0113388154296631,-0.0038000312901205,-0.0015062685705238,0.8586374608718816,0.8433294874302947,1.059621486466567
20240618,0.0102836023972255,0.0128986789060261,0.0026558463090844,0.8674673471228516,0.8542073237006417,1.0624356782804258
20240619,-0.0078202989246448,-0.0050551161613017,-0.0047499003127886,0.8606834931609821,0.8498892064535003,1.0573892147198438
20240620,-0.0244306605754978,-0.0227007613584815,-0.0072170902492638,0.8396564268766324,0.8305960743966502,1.0497579413286124
20240621,0.0072747633322634,-0.0001540064982086,-0.002187063632365,0.8457647286625739,0.8304681572038065,1.0474620539123465
20240624,-0.0301293615877098,-0.0369313667030917,-0.0053809055550034,0.8202823773345679,0.799797833154872,1.041825759527794
20240625,0.003344556519639,0.002847482302899,-0.0054382893837574,0.8230258581076272,0.8020752433306775,1.036160009560029
20240626,0.0234344477200873,0.0252939976855643,0.0064670710910483,0.8423130145517305,0.8223629326791322,1.042860930003555
20240627,-0.0181307578995084,-0.0195858720286685,-0.0075130202736297,0.8270412412092879,0.8062562375185582,1.0350258946938615
20240628,0.0005283523577131,0.0048390042166162,0.0021827572455193,0.8274782103990068,0.8101577148515836,1.0372851049648049
20240701,0.0094346847602119,0.0089288571604096,0.0047739276306115,0.8352852064600659,0.8173914973648972,1.042237028988218
20240702,0.00277211696678,-0.0019077403225396,-0.0018391788332452,0.8376007147529941,0.8158321266460732,1.0403201687052783
20240703,-0.0079115062401259,-0.0116561071040294,-0.0024113239477885,0.8309740314714918,0.8063226999989783,1.037811619769112
20240704,-0.0271244985899831,-0.0261463981219874,-0.0050820662767411,0.8084342775265307,0.7852402656700092,1.0325373923346737
20240705,0.005009589514302,0.0118280736749821,-0.0042812250276625,0.81248420140623,0.7945281453849166,1.0281168674086127
20240708,-0.032816390366885,-0.0302783791886023,-0.0085396628826568,0.7858214026859562,0.7704711209229351,1.01933709595697
20240709,0.0151571548640879,0.0195468040134599,0.0111855908487852,0.797732219381982,0.7855313689216464,1.0307389836493337
20240710,-0.0051633660855479,-0.0067580164212947,-0.0031529056929898,0.7936132358950762,0.7802227350310318,1.0274891608397991
20240711,0.0319132689500319,0.031218167642976,0.0114329810881455,0.8189400285345008,0.8045798591720918,1.039236424983955
20240712,-0.0021800292198143,-0.0021865511063498,0.0012203557554433,0.81715471534302,0.8028206041908723,1.0405046631364503
20240715,-0.0249463244717469,-0.0119922974853983,0.0011073892551707,0.796769708670455,0.793192940678008,1.041656906820363
20240716,0.0008717603440185,0.0020287240400131,0.0063390207605231,0.7974643009057891,0.7948021102651303,1.0482599915780395
20240717,-0.0052502287694089,-0.0123039318580863,0.0009435772586359,0.793277430890597,0.7850229192597649,1.0492491058672304
20240718,0.0065060829700665,-0.0007147396229272,0.0055253285970382,0.7984385596742524,0.7844618322744639,1.0550465519572954
20240719,-0.0015090596292696,0.0055079243367099,0.0051363119583995,0.7972336682773957,0.7887825886916685,1.0604656001787818
20240722,-0.0009230124486469,0.0042289279532481,-0.0068071754190629,0.7964978116770952,0.7921182934300222,1.0532468248124829
20240723,-0.0175797279199941,-0.016416848319256,-0.0213509540417208,0.7824955968589411,0.7791142075558736,1.0307590002613232
20240724,-0.0228850770892815,-0.0192119044386555,-0.0063117356578267,0.7645881248028008,0.7641459398535113,1.024253121924748
20240725,0.011429360713859,0.0073906120712972,-0.0055277298825395,0.7733268782787052,0.7697934460608254,1.0185913273354
20240726,0.0271252364834202,0.0168006304977295,0.0029481315938391,0.7943035527310002,0.7827264613076672,1.021594268608728
20240729,0.001018124089844,-0.0001478997136363,-0.0054413332781507,0.7951122523126843,0.7826106962881841,1.0160354337181792
20240730,-0.0009105573413774,0.003606881140239,-0.006299476633728,0.7943882570141219,0.7854334800487753,1.0096349422444315
20240731,0.0336579299946776,0.0341882856049282,0.0215773390616635,0.8211257213572971,0.8122861041883556,1.0314201777217429
20240801,0.0032520807860935,-0.0014553004019334,-0.0066290646446671,0.8237960885386905,0.8111039838944453,1.0245828266878114
20240802,-0.0159510312051794,-0.0105827242932207,-0.0101994679209862,0.810655691423705,0.8025202940597574,1.0141326270146156
20240805,-0.0292219316353367,-0.0239671913364649,-0.0121355331219178,0.7869667662291248,0.7832861366206311,1.001825586929462
20240806,0.0187550270945703,0.0160433541024775,-0.000102173871754,0.8017263492522785,0.7958526734739975,1.0017232265304232
20240807,0.00670478439553,-0.0035635411016201,-0.0004456803481469,0.8071017515682305,0.7930166197612386,1.0012767781740763
20240808,0.0013561274981577,-0.0038312828983011,0.0004333098208613,0.8081962844473435,0.7899783487478788,1.0017106412354595
20240809,-0.0131634320179952,-0.0058899622400707,-0.0033831030433151,0.7975576475998245,0.7853254061032803,0.9983217509165748
20240812,-0.0098743500154983,-0.0055124756920585,-0.0017297552541438,0.7896822842298864,0.7809963188917799,0.9965948986226006
20240813,0.0086014775467164,0.0103423953972654,0.0025634838701336,0.7964747186667296,0.7890736916255675,0.9991496535702772
20240814,-0.0080514769999043,-0.0033110563869159,-0.0075430281811941,0.7900619207883791,0.7864610241391633,0.991613039576166
20240815,0.0051273097504914,0.0059895160444962,0.0098856870079704,0.7941128129783293,0.7911715450616158,1.0014158157184383
20240816,-0.0135202807532581,-0.0100121742872511,0.0011014517559044,0.7833761847971027,0.7832501976613452,1.002518826927052
20240819,-0.0062907049705864,-0.0048070895742228,0.0033876090451017,0.7784481963375605,0.7794850438021593,1.0059149687730349
20240820,-0.0141211141006007,-0.0170120129710097,-0.0072280409489791,0.7674556405356708,0.7662244341262889,0.9986441741875524
20240821,-0.0048693814066979,-0.001385904691219,-0.003321147630479,0.763718606309181,0.7651625200885066,0.9953275294547576
20240822,-0.0100207880725925,-0.0126362722565903,-0.0025587700033268,0.756065544008261,0.7554937181641295,0.9927807152289034
20240823,0.0114593178444256,-0.0053847307278897,0.0042421443830387,0.7647295393882702,0.7514255879252034,0.9969922343636008
20240826,0.010744430973725,0.0120348563940746,-0.0008918635707814,0.772946123137796,0.7604688869667163,0.99610305330942
20240827,-0.0205208816141312,-0.0162541429131953,-0.0056823201788112,0.7570845872507835,0.7481081169969208,0.9904428768294244
20240828,-0.0018593240370235,0.0026877833720299,-0.0056993336043699,0.7556769216796482,0.7501188695542659,0.9847980124583016
20240829,0.0106065572668721,0.0147060874766595,-0.0026820057206223,0.7636920522246969,0.7611501832678239,0.9821567785552308
20240830,0.0168120478959636,0.0182211947744783,0.0133481865167361,0.7765312795844653,0.7750192490097768,0.9952667904240629
20240902,-0.0139595685712538,-0.01576209907708,-0.0169870389951949,0.7656912379393825,0.7628033188202406,0.9783601546445068
20240903,0.0031377237294719,0.0107847513233781,0.0025780005029079,0.7680937655061137,0.7710299629223644,0.9808823676152052
20240904,-0.0108531283720116,-0.0073621377226813,-0.0064957282398921,0.7597575452673342,0.765353534147016,0.9745108223198748
20240905,0.0097743116018234,0.0087383199789739,0.0017197467446989,0.7671836522566136,0.7720414382254311,0.9761867341342334
20240906,-0.0139489658417581,-0.0167241562405961,-0.0081074473983302,0.7564822336969308,0.7591296965883344,0.9682723515362924
20240909,-0.0021341516531189,-0.0040225609873127,-0.0118817680200542,0.7548677858873314,0.7560760510865275,0.9567675640751055
20240910,0.0028865203000375,0.0038008772813467,0.0008780590347814,0.7570467270751396,0.7589498033720726,0.9576076624789276
20240911,-0.009511068564117,-0.0053933259450878,-0.0030119015373893,0.7498464037476875,0.7548565397065267,0.9547234424880916
20240912,-0.0025210047914277,-0.0032923228876064,-0.0042858265132252,0.7479560373710048,0.7523713082439915,0.9506316634454784
20240913,-0.0155167686384401,-0.0124251096376034,-0.0041695210366847,0.7363501765873944,0.7430230122508727,0.9466679847266036
20240918,-0.0097779296024229,-0.0063821950978783,0.0037234189033019,0.7291501963979912,0.7382808944244744,0.9501928261960856
20240919,0.0392615420653872,0.0263003640319175,0.0078919645228512,0.7577777575058563,0.7576979507056477,0.9576917142702928
20240920,-0.0025253682165771,-0.0015210688433317,0.0015688185210196,0.755864089641822,0.7565454399601731,0.9591941587690672
20240923,-0.0009066718872508,0.002038852782415,0.0036594870738808,0.7551787689211613,0.7580879247354594,0.9627043173944244
20240924,0.0365231811585817,0.0326868154340726,0.0433100919740787,0.7827602999055836,0.7828674048140866,1.0043991299246198
20240925,0.0088003039028824,0.0109547611851796,0.0148046978602343,0.7896488284278642,0.7914435302734862,1.019268955574236
20240926,0.0492848978088978,0.0340710065886065,0.0422713523578928,0.8285665902418473,0.8184088080079441,1.062354832742776
20240927,0.0459862297963434,0.0468953894555165,0.044668600332991,0.8666692438622817,0.8567884077933018,1.1098087361783844
20240930,0.1055175442340755,0.1062069338549088,0.0848262226627323,0.9581180541378328,0.9477852775474576,1.2039496191464976
20241008,0.0664148061702928,0.0713571266709878,0.0592957510034273,1.0217512789916552,1.0154165116543088,1.2753387159840794
20241009,-0.1016244474392589,-0.0935000807357199,-0.0705135142387053,0.917916369843772,0.9204749858342478,1.185410101275364
20241010,0.0114985612401377,0.0037019743172938,0.0105672826423786,0.9284710874357456,0.9238825605915176,1.1979366648626717
20241011,-0.0267400913119559,-0.0322363499747452,-0.0276705274934671,0.9036436857772028,0.8940999590327257,1.1647891254421567
20241014,0.0177260065049106,0.0289265168530922,0.01908212330471,0.9196616796294108,0.919963156566035,1.1870157751578294
20241015,-0.0129689826933659,-0.0124889242717799,-0.0265938889806647,0.907734603222545,0.9084738063708542,1.1554484094149844
20241016,-0.0023841561992278,0.0080076904378239,-0.0063293392841365,0.9055704221410183,0.9157485833831436,1.1481351844064809
20241017,-0.0062417048579732,-0.0068318175346191,-0.0113183590411184,0.8999181188379038,0.909492356153884,1.1351401781616277
20241018,0.0326236300286186,0.0286805562011357,0.0361679729568098,0.9292767146029222,0.9355771027890588,1.1761958974275657
20241021,0.0257012133212177,0.0145805526599468,0.0025382945322496,0.9531602536793724,0.9492183340037152,1.1791814290428604
20241022,0.0134606472747222,0.0150305225430991,0.0057374758379338,0.9659904076504352,0.963485581571281,1.185946954000534
20241023,-0.0016818649504551,0.0050427741261422,0.0038995137546331,0.964365742241332,0.9683442217329398,1.1905715704599245
20241024,0.0051975723255474,-0.003812751661295,-0.0111686803077482,0.9693781029349116,0.964652165692822,1.177274457205964
20241025,0.0236622825081277,0.0252944486400652,0.0070218299406636,0.9923158014637504,0.9890525103534668,1.1855410782379514
20241028,0.0372991468063474,0.0229863236557647,0.0019552772568944,1.0293283342208053,1.0117871914689984,1.1878591397453442
20241029,-0.0063689206179077,-0.0179493927449793,-0.0099662805980258,1.0227726237703898,0.9936262257949818,1.1760206022477124
20241030,-0.0026884816766383,-0.0017747538111267,-0.0089690313707034,1.0200229183120155,0.9918627838639168,1.1654728365735592
20241031,0.0127835987274083,0.0120154626151426,0.0004090296910201,1.0330624819924763,1.003780474062785,1.1659495495677952
20241101,-0.035109303146726,-0.0312783184331313,-0.000261960839463,0.9967923781426936,0.9723839087580896,1.1656441164450189
20241104,0.0298188010561722,0.0207421868475123,0.0140723173089867,1.0265155317608392,0.9925532774810644,1.1820474303209867
20241105,0.0246591693806361,0.0264890892080173,0.0253020594221415,1.0518285521303836,1.0188451097919702,1.211955664642758
20241106,0.021451311727278,0.0058248884693807,-0.0050164510587954,1.074391654285784,1.0247797689240823,1.2058759483656478
20241107,0.03649618891163,0.0235618884360843,0.0301698705043886,1.113602855065677,1.0489255155110282,1.2422570695721964
20241108,0.0104504853319949,-0.0022649162213665,-0.010046131707898,1.1252405453682082,1.046549787095942,1.2297771914362066
20241111,0.010697124486485,0.0219233906883519,0.0065993883598312,1.1372773835592522,1.0694937069532575,1.2378929687185565
20241112,-0.0086236725763096,-0.0102012771680432,-0.0109868696496494,1.127469875774995,1.0585835052191497,1.224292400031028
20241113,-0.0087890255815228,0.0018462397872319,0.0061548413593315,1.1175605141944125,1.0605379042045926,1.2318277255306542
20241114,-0.0275756048095815,-0.0313205280832657,-0.0173371212234546,1.0867431071041944,1.027321296992585,1.2104713789267167
20241115,-0.0263533186985285,-0.0179962970342925,-0.0175235085902033,1.0581038196592485,1.0088333177822515,1.1892596733198992
20241118,-0.0278826653130257,-0.025091033218597,-0.0046487746466793,1.0286010649892554,0.98352064749375,1.1837310731022517
20241119,0.0268617331471713,0.0248572025382212,0.0067108976790741,1.056231072311893,1.0079682194290245,1.1916749712133814
20241120,0.02912942493933,0.0224227913338988,0.002233277088395,1.0869984760513904,1.030569680484483,1.194336311623406
20241121,0.0073756661835871,0.0054172274762726,0.0008844458190002,1.0950158139528134,1.0361525108738172,1.1953926373807016
20241122,-0.0304872203807246,-0.0319487021011233,-0.0309826448408377,1.0616318255124553,1.0030487829725787,1.1583562118513828
20241125,0.0260191533107693,0.0165688022900648,-0.0045549331325313,1.0892545867400558,1.0196680999449417,1.1530799767627475
20241126,-0.0073721719899237,-0.0056407234294559,-0.0020545772450438,1.081224414585795,1.0139164342033131,1.150710884880775
20241127,0.0062197414174234,0.0157640304097067,0.0174106209006041,1.0879493508587237,1.0298998437049958,1.1707454758636329
20241128,0.005814166720259,0.0101283667105043,-0.0088287190571431,1.0942748697678135,1.040331046997131,1.1604092929698115
20241129,0.0375607326201347,0.0193419315859558,0.0113704650204045,1.1353766355640955,1.0604530589348953,1.173603686244877
20241202,0.0393767338590722,0.0287045324322802,0.007927522132046,1.1800840591725117,1.0908928681580028,1.1829074554418342
20241203,-0.0063734197158693,0.0004580176343227,0.0010789252898952,1.1725628881633985,1.091392516328776,1.184183724211116
20241204,-0.0234704760255257,-0.0172754321023808,-0.0053985291902773,1.145042279008338,1.0725382390158915,1.1777908738093108
20241205,0.0243069801003795,0.0097880175042751,-0.0022817886768612,1.1728747988982873,1.0830362620733838,1.175103403929742
20241206,0.0030143419018013,0.0108902558326369,0.0131457967245463,1.1764102445501732,1.0948308040433856,1.190551074408125
20241209,-0.0069717724998607,-0.0030259459859221,-0.0016535282354097,1.168208579958664,1.0915179051666266,1.1885824645908936
20241210,0.0246141078637502,0.0055328518098917,0.0073277653332193,1.196962991953125,1.097557111983757,1.197292117970595
20241211,0.0292432913299174,0.0194883363377814,-0.0017033830076,1.2319661294379398,1.1189466741320204,1.1952526709217104
20241212,0.0463653360699165,0.0117621998051789,0.0099462729780366,1.2890866530560845,1.1321079484845016,1.207140980264425
20241213,-0.0214422559273026,-0.0149209511999894,-0.0236623771678265,1.2614457271287858,1.1152158210320442,1.1785771550946684
20241216,-0.0226918383344929,-0.0032740962464759,-0.0054254307353478,1.2328212046210425,1.1115644970983924,1.172182866373439
20241217,-0.0461817623258644,-0.0378283366179912,0.0026053713422342,1.1758873487589476,1.0695158611295463,1.1752368380213465
20241218,0.0091679242431994,0.006185645416481,0.0050628329682251,1.1866677948909063,1.076131507013796,1.1811868658303537
20241219,-0.0031164496954222,0.0004501656341319,0.000906544830018,1.1829696044029512,1.0766159444360603,1.1822576646768574
20241220,0.0051429838419032,0.0127142195774031,-0.0044910819730051,1.1890535979638583,1.090304275954154,1.17694804859158
20241223,-0.0536339764399074,-0.0431036030550004,0.0014837270075716,1.1252799253048775,1.0433082332342565,1.178694318197784
20241224,0.0005165482176223,0.0121036841967734,0.0127406851960856,1.12586118664462,1.0559361066092177,1.1937116914483568
20241225,-0.0164849497910535,-0.0186701308669949,0.0004872118254637,1.1073014215110877,1.0362216413116383,1.194293281900625
20241226,0.0167894248804875,0.0150380232733199,0.0004644185280562,1.1258923755476051,1.0518043664700003,1.1948479338286724
20241227,0.0058663645560628,0.005685174945199,-0.0016174124605663,1.132497270673459,1.0577840583015068,1.192915371892016
20241230,-0.0133013003863391,-0.0121842184109338,0.0045275209759121,1.1174335842895222,1.0448957863035573,1.198316321260745
20241231,-0.0171432457369245,-0.0237412671699216,-0.0160397898013353,1.0982771457593543,1.0200886362761992,1.179095579352213
20250102,0.0037694990196929,-0.0153988505431073,-0.0291024886992993,1.1024171003836456,1.0043804438254598,1.1447809635787218
20250103,-0.0520608273556548,-0.0438024133531167,-0.0118391940184617,1.045024354046651,0.9603861564612302,1.1312276796422718
20250106,-0.0115353112525659,-0.0011812436832041,-0.0016410144531968,1.0329696728562112,0.9592517063804736,1.1293713186701224
20250107,0.0274895106411259,0.023685069899181,0.007199792558693,1.0613655036701524,0.981971650097004,1.137502557886285
20250108,0.0175954149145042,-0.0038148307985102,-0.001815070734994,1.0800406700831706,0.97822559440295,1.1354379102824843
20250109,0.0218019575630792,0.0038914721485992,-0.0024643624763153,1.1035876709387236,0.982032332058616,1.1326397797021983
20250110,-0.0409707486122184,-0.0269351560249353,-0.0125392165507595,1.058372857901149,0.955581137973086,1.118437364230508
20250113,-0.0026166027067346,-0.0010906632162529,-0.0026705028286013,1.0556035166164306,0.9545389207757536,1.115450574085717
20250114,0.0363900643069737,0.0464049859625625,0.0263334204608554,1.09401699646877,0.9988342859950722,1.1448242030564189
20250115,-0.0088848592742493,-0.0032163767169125,-0.0064162404288713,1.084296809411508,0.9956216586535436,1.1374787357208178
20250116,0.0044843001939578,0.0035285995365898,0.001147937342895,1.0891591218042598,0.9991348087768874,1.1387844900383008
20250117,-0.0077678153248541,-0.0003103974007051,0.0031468665426299,1.080698734886704,0.998824679929289,1.1423680928492683
20250120,0.0101274431685806,0.0132201698918466,0.004546679156274,1.091643449906626,1.0120293118901236,1.1475620740458186
20250121,-0.0003394703368962,-0.0022220252375025,0.000767192758114,1.0912728693369156,1.0097805572180114,1.148442475358513
20250122,-0.0176939045666602,-0.0124826806973202,-0.0092881504257733,1.0719639913306829,0.9971757889478968,1.1377755688920357
20250123,-0.0071341714325423,0.0002107921109397,0.0017717331022466,1.0643164164470171,0.9973859857374272,1.1397914035303691
20250124,0.012939011176874,0.0147619773668494,0.0076555627207184,1.0780876184551558,1.0121093750848962,1.1485171481086316
20250127,-0.0068874146872351,-0.0099100255447585,-0.0041179392838832,1.0706623819576817,1.0020793453237151,1.1437876242262217
20250205,-0.0105783396871918,0.0092302153597777,-0.0057623625513553,1.0593365515910351,1.0113287534886384,1.1371967052536769
20250206,0.0198037073316023,0.020554132678786,0.0125811681467564,1.0803153426244132,1.032115738869715,1.1515039682184107
20250207,0.0113941568457753,0.0120212322305486,0.0129777746689589,1.0926246250811733,1.0445230418554723,1.1664479272483614
20250210,0.0245157193675243,0.0160796484789712,0.0021473511925955,1.1194111037637098,1.061318605196694,1.1689527005960387
20250211,-0.0079415477800308,-0.0002252916328006,-0.0045953129991428,1.1105212469976733,1.0610794989952077,1.1635809970556066
20250212,0.0031104729090935,0.0092957046217244,0.0094579503695879,1.1139754932514323,1.0709429805980342,1.1745860883767545
20250213,-0.011443521479263,-0.0106579255832009,-0.003755719238768,1.1012276907670369,1.059528950006969,1.1701746728070483
20250214,-0.0096631994071786,-0.0036661104137195,0.0086728521217089,1.090586307998448,1.055644599889711,1.1803234247008731
20250217,0.0197064228569066,0.0109513199210286,0.0021299268584975,1.112077862945818,1.0672053016260097,1.1828374272648574
20250218,-0.0327360103877982,-0.0208025816783368,-0.0087691682899087,1.0756728704723832,1.0450046761713805,1.1724649268055691
20250219,0.0160789094847916,0.0205647665779653,0.0069968870493681,1.0929685171919543,1.0664949534097272,1.1806685314677734
20250220,0.0113408878208789,0.0090992415105023,-0.0028588431505905,1.105363750537181,1.0761992485605345,1.177293185323469
20250221,-0.0023542369911194,0.0022396740379418,0.0126112020427926,1.1027614623070237,1.078609584077188,1.1921402675471862
20250224,0.0094519029706256,0.0081661410971079,-0.002193596290409,1.1131846566484949,1.0874176621294551,1.1895251930786477
20250225,-0.0058100858834433,-0.0011731691978826,-0.0111006404512119,1.1067169581892358,1.0861419372230112,1.176320701602623
20250226,0.0121780520265994,0.0138858821504533,0.0087350618706376,1.120194614884784,1.1012239761619549,1.1865959357108338
20250227,0.0285208571209417,0.0052216542456278,0.0020643235292401,1.1521435254435617,1.106974187012468,1.1890454536206223
20250228,-0.0264736585366967,-0.0264984332020885,-0.0196736189081573,1.1216420711657027,1.0776411054614818,1.1656526265016132
20250303,0.0002147218447913,0.0022701742279622,-0.0004048535433501,1.121882912220419,1.0800875385260933,1.1651807079054586
20250304,0.0079263815801339,0.0128127188844703,-0.0008365750079118,1.13077538427091,1.0939263965278478,1.1642059468455237
20250305,-0.0007238678025951,0.0040939449561006,0.0044655891886504,1.1299568523782693,1.0984048709812584,1.1694048123351195
20250306,0.008131647313636,0.0121180809529095,0.0137515257251208,1.1391452629814358,1.1117154301268797,1.185485912695026
20250307,-0.0117909471825087,-0.0052161085098008,-0.0030894509881347,1.1257136613524168,1.1059166018113176,1.1818234120706306
20250310,0.0025122870641378,0.0055502584999004,-0.0038571107614897,1.1285417772217556,1.112054724830702,1.1772649882697523
20250311,0.0071657610237362,0.0042548274507132,0.0032106226381793,1.1366286379026294,1.116786325800607,1.1810447418922272
20250312,0.0021112167913572,0.0030657654515926,-0.0035987576748122,1.139028307368507,1.1202101307350576,1.176794448063046
20250313,-0.0149465533828388,-0.0132068640910713,-0.0039855557279981,1.122003759967859,1.1054156677849984,1.1721042682098917
20250314,0.0418627643051539,0.0165091073381355,0.024281087692636,1.16897393892089,1.1236650936977175,1.200564234731209
20250317,0.0114411421815356,0.005545031883668,-0.0024382782352736,1.1823483359625937,1.1298958524688365,1.197636925087616
20250318,-0.0019115828919819,0.0056136845180136,0.0027360222995087,1.1800881791112043,1.1362387313228086,1.2009136864213708
20250319,-0.0085881373023513,-0.0029748185724218,0.0006100970703337,1.1699534198001156,1.1328586272421644,1.2016463603431802
20250320,-0.0038626893638697,-0.0010094923860256,-0.0087717522058926,1.1654342531692303,1.13171501508352,1.191105816231137
20250321,-0.0149294830942902,-0.0094290299668284,-0.0151688866377032,1.1480349221890336,1.1210440402923878,1.173038067131218
20250324,-0.0190607324065513,-0.0163341337962401,0.0051480375638912,1.1261525357438125,1.1027327569467742,1.179076911164684
20250325,-0.0032872902358564,-0.0029973556348644,-0.000648944917474,1.1224505455089768,1.0994274747039905,1.1783117551958726
20250326,0.0074501115831548,0.0124884491871271,-0.0032903176569835,1.1308129273195917,1.1131576188567625,1.1744347352223203
20250327,-0.0049924139886391,-0.001367470156285,0.0033309293673353,1.1251674410427075,1.1116354090337344,1.178346694371891
20250328,-0.0214850944930197,-0.0152469082626359,-0.004385476729204,1.1009931122514358,1.094686405930699,1.1731790823647883
20250331,-0.0136275645643277,-0.0117987235559346,-0.0071160708324463,1.0859892575293493,1.0817705036466831,1.1648306569155362
20250401,0.0133057816493623,0.0092116091671751,9.736821308825584e-05,1.1004391934635878,1.0917353507348544,1.1649440743951505
20250402,0.0084991794414732,0.0018357312656448,-0.0008483971215664,1.109792023633265,1.093739483452008,1.1639557391956477
20250403,0.007314174861265,-0.0040044752898423,-0.0058908669679514,1.117909236553756,1.0893596307169997,1.1570990307794624
20250407,-0.0644262924951714,-0.1130274930579299,-0.0704551496704626,1.0458864890964898,0.9662320426185448,1.075575445382348
20250408,0.0164473655154958,0.0026112125716733,0.0170829961638034,1.0630885664703786,0.9687550798753838,1.093949496589696
20250409,0.0323943735178856,0.0292192581315312,0.0098706323808281,1.0975266545752136,0.9970613846204948,1.1047474699137247
20250410,0.0477540993664489,0.0279669214802981,0.013106454027012,1.1499380514951243,1.0249461220752136,1.1192267918396068
20250411,-0.0229556171067247,0.0056664955652747,0.0041234606130344,1.1235405138885497,1.0307539747305985,1.1238418794328104
20250414,0.0176657714136057,0.0167099978682341,0.0022998164492906,1.1433887237808296,1.0479778714510206,1.1264265094735315
20250415,-0.0131665432640498,0.0004477891156141,0.0005566695508354,1.1283342466815425,1.0484471445352608,1.1270535568126094
20250416,-0.0124402218909285,-0.0148381474261046,0.0030802650236034,1.1142975182856905,1.0328901312361682,1.1305251804633871
20250417,0.0086126560981973,0.0074479466435056,-0.0001585816276863,1.12389457960176,1.0405830418222186,1.1303458999401288
20250418,-0.0105467513661704,-0.0025826671299432,7.976730744463367e-05,1.1120411429089134,1.037895562204128,1.130436064589048
20250421,0.0169090950122483,0.0149981355551899,0.0032756857943609,1.1308447522518894,1.0534620605381957,1.1341390179472557
20250422,0.0079042968870233,0.0040778839129265,-0.0002452917537213,1.1397832849068206,1.0577579565277428,1.1338608229985796
20250423,-0.0113320450297215,0.0102238091357591,0.0007743755325448,1.126867209398133,1.0685722719871131,1.134738857077221
20250424,-0.0038250173898149,-0.0082896348646336,-0.0006667753928667,1.1225569227261727,1.059714198025868,1.1339822411299922
20250425,-0.0003470791972936,0.0033614266692489,0.0006966308203342,1.1221673065705164,1.063276349592894,1.1347722081088751
20250428,-0.0204516051579563,-0.0144949124731224,-0.0014193052394039,1.099217183895369,1.0478642519708037,1.1331616199683765
20250429,0.0071339564006612,0.0120161416154442,-0.0017299734177331,1.107058951360136,1.0604555372162463,1.1312012804878355
20250430,0.008992188332682,0.0070280173592464,-0.0011936711113711,1.117013833946148,1.0679084371405114,1.1298509981981713
20250506,0.0276124415932921,0.0303200168647194,0.0100705980699737,1.1478573131948853,1.100287438964588,1.1412292734799838
20250507,0.0107479072389024,0.0103521736320312,0.0060612690041208,1.1601943771205998,1.1116778055778922,1.1481465711019234
20250508,0.006027163723147,0.0098110962382243,0.0055509839553797,1.1671870585821802,1.122584583514315,1.1545199142965346
20250509,-0.0127246432105228,-0.0099214641478358,-0.0017492554886566,1.1523350197017823,1.1114469008160643,1.1525003639996878
20250512,0.0062848218147874,0.0133367275411425,0.0115577717246353,1.1595772399715474,1.1262699653086954,1.1658207001193552
20250513,-0.0004581530937725,-0.0038074450101168,0.0014518804456762,1.159045976071586,1.1219817543492363,1.167513332397023
20250514,0.0043163247672378,0.0034749725450329,0.0120506640948316,1.164048794924471,1.125880610141628,1.1815826433919772
20250515,-0.0026411812790317,-0.0074119982848069,-0.0091325576608787,1.1609743310394371,1.1175355849903608,1.1707917717701064
20250516,0.0060243687002818,0.0049982991113502,-0.0046360062727285,1.1679684684611815,1.1231213621117202,1.1653639737721213
20250519,0.0144907004888457,0.010771785572324,-0.0030701562891881,1.1848931497180686,1.135219384596084,1.1617861242388514
20250520,0.0185069613643026,0.0121404696618666,0.0054228558315831,1.206821921460728,1.1490014810943356,1.1680863228977325
20250521,-0.003824234453011,-0.0059832870054096,0.0046714734514563,1.2022067514900288,1.1421266754633077,1.1735430071441586
20250522,-0.0214128086675933,-0.013755146347509,-0.0006423277491894,1.1764641283414838,1.1264165558949155,1.1727892079058029
20250523,-0.0169349819841803,-0.0084603265385775,-0.0080715607699406,1.1565407295229864,1.1168867040135848,1.1633229685438604
20250526,0.0103718678862127,0.0085240540801367,-0.005709900802728,1.168536217174623,1.1264071066799823,1.15668050979194
20250527,0.011618563961778,0.0091905822387195,-0.005365084856333,1.1821129299555204,1.1367594438282027,1.1504748207052395
20250528,-0.0024255671515656,-0.0049197792890371,-0.0008231240693037,1.1792456356631793,1.1311668382598394,1.149527837189189
20250529,0.0061444566324269,0.0128010864582139,0.0058555303914258,1.1864914593304905,1.1456470027550685,1.1562589323756405
20250530,-0.0142736288388568,-0.0152741809607878,-0.0047859385174249,1.1695559206195334,1.128148183117803,1.150725148215067
20250603,0.0067432831801794,0.0119279147307517,0.0030676269245482,1.1774425673873263,1.1416046384496843,1.1542551436624864
20250604,0.0170803235535528,0.0114292163178229,0.0043432359400061,1.1975536674040277,1.154652284811956,1.1592683460863782
20250605,-0.0055614668279016,-0.0015678942077621,0.0022779492532314,1.190893512408128,1.15284191218262,1.1619091005496405
20250606,-0.0042991923192313,0.0012674306539031,-0.000921095730488,1.1857736321665608,1.154303059361225,1.160838871037909
20250609,0.0065776219353388,0.0123192563391318,0.0029070330980449,1.193573202819846,1.1685232146425395,1.1642134680575134
20250610,-0.0115999392612638,-0.0064145290786627,-0.0050912350232451,1.1797278261632638,1.1610276885031228,1.1582861836744052
20250611,0.0041095557065343,0.0046863585697818,0.0075437233272723,1.1845759833834302,1.1664686805608937,1.167023974177847
20250612,-0.0006078757027371,-0.0002048832141811,-0.0006229097475155,1.1838559084250857,1.166229690708379,1.166297023568747
20250613,-0.0294227185040995,-0.0169854634261887,-0.0071982441186463,1.1490236492820791,1.1464207389503165,1.1579017328782488
20250616,0.0067273800015533,0.0100146214918715,0.0024876932562858,1.1567535680015717,1.1579017087213352,1.1607822372105718
20250617,0.0106934884998606,0.0006951369161505,-0.0008819516551094,1.169123298978169,1.1587066089443412,1.1597584833952423
20250618,-0.0127571953103822,-0.0027799083830238,0.0011864989125354,1.1542085647111862,1.1554855107286717,1.1611345355745946
20250619,-0.0200614624885105,-0.0133717760058575,-0.0082270555432315,1.1310534528863152,1.140034617301194,1.151581817257258
20250620,-0.0137366584503359,-0.0052753111191468,0.0009245422018608,1.1155165579149426,1.1340205800083327,1.152646503246208
20250623,0.0119268494554641,0.0171244475237327,0.0029265248154086,1.1288211559662715,1.1534400559215183,1.1560197518413522
20250624,0.0316718175068794,0.0203797828277428,0.0119579514417889,1.16457297361594,1.1769469137660185,1.16984337989962
20250625,0.0105393208603161,0.0106070616150528,0.0143523332864246,1.176846781850131,1.189430862197981,1.186633361980857
20250626,-0.0056993594976613,-0.0005187164678615,-0.0035470871673812,1.170139508966701,1.1888138848223762,1.182424270010188
20250627,0.0137877501110346,0.0166692610756234,-0.0061483984050256,1.1862731001113829,1.2086305338388064,1.1751542545143936
20250630,0.0130750592228112,0.0100663605084521,0.003651755342974,1.2017836911497668,1.2207970445139509,1.1794456303421352
20250701,0.0081663667306865,0.0009536090409587,0.0016978571391006,1.211597897502654,1.2219612076127748,1.1814481605257927
20250702,-0.0005049553743985,-0.0043011708538002,0.0002340744888988,1.2109860946327,1.2167053436821162,1.1817247074001282
20250703,-0.0003059207426499,0.0088101988461604,0.0061827201255353,1.2106156288672911,1.2274247596971417,1.1890309805314134
20250704,-0.0060497967817372,-0.0127170455707455,0.0035623889068825,1.2032916503318491,1.211815543093412,1.1932667713063982
20250707,0.0047753552408795,0.0090609116715394,-0.0042762255689903,1.209037795420568,1.2227956966915798,1.1881640934283113
20250708,0.0047621017237422,0.0086075177880136,0.008392593859549,1.21479535639021,1.2333209324019592,1.1981358721029545
20250709,-0.0035976884752292,-0.0040579629273308,-0.0017637072460554,1.2104249011367627,1.228316161780771,1.1960227111835675
20250710,0.0063299572163632,0.0018599045854997,0.0046659561057338,1.2180868389745791,1.2306007126425105,1.2016033006554108
20250711,-0.0075089794418835,0.0014325181536129,0.0011926860393338,1.20894024994229,1.23236357050322,1.20303643613692
20250714,0.0058936125083644,0.0081111727550727,0.0007125622726074,1.2160652753212151,1.2423594843206296,1.203893674513883
20250715,-0.0158511983995101,-0.0115277342557612,0.0003476146036762,1.1967891833753437,1.2280378943352568,1.2043121655364175
20250716,0.0112083072818781,0.0065333665986022,-0.0029515575814113,1.2102031642942426,1.2360611160959245,1.2007575688338423
20250717,0.0102433346415328,0.0061914128386724,0.0068100137405104,1.2225996802903505,1.2437140807595046,1.208934744376623
20250718,0.0026389503951915,0.0033120309836282,0.0059629826910012,1.225826060199814,1.2478333003297548,1.2161436013318907
20250721,0.0067860128292082,0.0158941499519422,0.0066670631959415,1.2341445315707078,1.2676665499202229,1.2242517075773105
20250722,0.0038329438673451,0.0058388340146066,0.0081630461195585,1.2388749382844093,1.275068244491076,1.2342453307282122
20250723,-0.0074074586773992,-0.0096529969338782,0.0001967245018412,1.229698023372602,1.262760014636518,1.2344881370260496
20250724,0.0218291945678091,0.0148215960455422,0.0071043554995868,1.2565413407844528,1.2814761334759237,1.243258379611505
20250725,0.0046544871345792,-0.0001870461529969,-0.005271922389312,1.262389896289201,1.2812364382949992,1.2367040179243316
20250728,0.0013025868824368,0.0009295898983428,0.0020984873048641,1.264034268808628,1.282427462745427,1.2392992256058204
20250729,-0.001273091925078,0.0001328373698977,0.0039171152390857,1.262425036987986,1.2825978170366628,1.2441537034882282
20250730,0.0039314700356089,-0.0013762282290013,-0.0001894979092971,1.2673882231931068,1.2808326697144017,1.243917938962573
20250731,-0.0202997905989737,-0.0130249472658738,-0.0182226848526315,1.2416605076546814,1.264149891734963,1.221250414378323
20250801,0.0106344529835857,0.0051949361027939,-0.0050698411558057,1.2548648879449102,1.27071706964688,1.215058868765963
20250804,0.0057078060089799,0.0140352588345752,0.0038900068425371,1.26202741329278,1.288551912624887,1.219785456079548
20250805,0.0085680616249317,0.0120194612956553,0.0080447297754984,1.2728405419422255,1.3040396124661249,1.229598300457791
20250806,0.0102083727646799,0.0114321158722329,0.0024455519136337,1.2858341726643694,1.3189475444178191,1.2326053469344764
20250807,0.0067370959031481,0.0022831370123743,0.0002870558522978,1.2944969608011545,1.3219588823738595,1.2329591735128875
20250808,-0.0002218070796778,-0.0017593548169046,-0.0023572022613742,1.294209832210627,1.3196330876464055,1.2300528393609007
20250811,0.0097454611574817,0.0169380546999099,0.0042737738031455,1.3068225038600667,1.3419851050687712,1.235309806962246
20250812,0.0034159759546538,-0.0021699241873904,0.0051702959841997,1.3112865781102534,1.339073099130165,1.2416967242964256
20250813,-0.0029078535997579,0.0038453805360803,0.0079039048268734,1.3074735487137812,1.3442223447619488,1.251510977029105
20250814,-0.0051398855024444,-0.0142616927257209,-0.0007816208179632,1.3007532843759175,1.3250514587259057,1.2505327699955495
20250815,0.0124778576031311,0.0174336841412964,0.0069585481137275,1.3169838986351654,1.3481519873282974,1.2592346624433566
20250818,0.0090115487110652,0.0142281315445503,0.0088186778584276,1.328851963189405,1.3673336711460513,1.2703394472796103
20250819,0.0072831735474556,0.0071579720229565,-0.0037831657098714,1.3385302226561904,1.3771210073101614,1.265533542642765
20250820,0.0065047816827031,0.0075780815641818,0.0113704585156215,1.347237069530269,1.387556942627306,1.279923239289512
20250821,-0.0069343172576554,-0.0057850582061178,0.0039038526937729,1.337894900268872,1.379529844949904,1.2849198710750351
20250822,-0.0002743380803061,0.0040512754487698,0.0209714359420425,1.337527864750281,1.3851187003415948,1.3118664858419429
20250825,0.0090181918115714,0.0111049242983868,0.0208369227786484,1.3495899475879207,1.4005003386531685,1.3392017465033283
20250826,0.0036947863050045,0.0051733050232535,-0.003721274332844,1.3545763940436404,1.407745554090191,1.3342182094175656
20250827,-0.0216074529176717,-0.0255987699372036,-0.0149270183278701,1.3253074483859528,1.371708999520915,1.3143023097522115
20250828,-0.005976678804379,-0.0001994338053898,0.0177047785168811,1.3173865114498988,1.371435434375253,1.3375717410505996
20250829,0.0059748673716836,-0.0006388639360687,0.0073877039694143,1.3252577211330572,1.370559273735584,1.3474533251113356
20250901,0.009971929912642,0.0096599296052399,0.0059936499600345,1.3384730982443835,1.3837987798396787,1.3555294886795377
20250902,-0.0113696775586617,-0.0122712211942513,-0.0073519946930299,1.3232550906964018,1.366817878923931,1.3455636430725202
20250903,-0.0232440582511413,-0.0170700060373853,-0.0068196240699823,1.2924972722871353,1.3434862894786932,1.3363874048645297
20250904,0.012349570051221,-0.0051064029014403,-0.0212163038695469,1.3084590578922577,1.336625907192054,1.3080342035954886
20250905,0.0102717350120826,0.0211568694564611,0.0217896579281378,1.321899202609086,1.3649047270226402,1.3365358214501384
20250908,0.0089969681759753,0.0124028485154267,0.0016250834104036,1.3337922876668074,1.3818334335898916,1.3387078036409872
20250909,-0.0080376788650017,-0.0046170143736662,-0.0070093757611096,1.3230716935859257,1.3754534887649943,1.3293242976109378
20250910,0.006114794386378,0.0022648988801444,0.0020527433658958,1.3311620049506403,1.378568751831389,1.332053059243983
20250911,0.0040099711104958,0.0122184850052136,0.0230958767861779,1.336499926133882,1.3954127734542967,1.3628179925729331
20250912,-0.0113611547513744,0.0024684456385224,-0.0057247806717385,1.3213157436478746,1.3988572740288685,1.3550161584699545
20250915,0.0019834860059448,0.0017401148727686,0.0024453128904524,1.3239365549348348,1.4012914463762869,1.3583295969490323
20250916,0.0097642713508104,0.0141199319252616,-0.0021440283647959,1.336863830708476,1.4210775862065714,1.3554172997644316
20250917,0.0014514849690622,-0.0008052215299912,0.0061207692100391,1.3388042684644323,1.41993330393837,1.363713496239584
20250918,-0.0091185175874091,-0.0108895873879165,-0.0116268364277657,1.326596358196341,1.40447081614012,1.34785782248447
20250919,-0.0003124330695873,0.002284114421598,0.0008471337622097,1.3261818856240462,1.4076787881859794,1.348999638352555
20250922,0.0035054210813331,0.0101865667512105,0.0045954842151221,1.330830711563595,1.4220182021260988,1.3551989448968098
20250923,-0.009893487010346,-0.0081749344979715,-0.000625723034143,1.3176641552057708,1.4103932964687949,1.3543509657011414
20250924,0.0022326041918172,0.008258728150533,0.010242250609604,1.3206059777220909,1.4220413512896648,1.3682225677052118
20250925,-0.0112200930197229,-0.0060105463373143,0.0060044404042092,1.3057886558096463,1.4134941058541612,1.376437978572692
20250926,0.0020741961241627,-0.008658811015044,-0.00945660568359,1.3084971175785027,1.4012549275206914,1.3634215473614122
20250929,0.0131643954811818,0.0103191765436864,0.0153853518095312,1.3257226911202926,1.415714724500488,1.384398267532263
20250930,-0.0040822282871029,0.0015248342134399,0.004467632924022,1.3203107884497471,1.417873454748877,1.390583250812249
20251009,0.0036248595733077,0.0098876092381424,0.0148228923112461,1.3250967296510006,1.4318928334185688,1.4111957165888618
20251010,0.0155021183086552,0.0046324384749941,-0.01967263066299,1.3456385359244625,1.438525988872165,1.3834337844632154
20251013,-0.0167036571483906,-0.0049102541945124,-0.0049504919399204,1.3231614511747178,1.4314624606013904,1.3765851066638166
20251014,0.0162928755666054,-0.0057766977198473,-0.0119534952111769,1.3447195560532366,1.4231933346691872,1.3601301031835331
20251015,0.0166740400800752,0.0087170281395133,0.0148099903583653,1.3671414638273294,1.435599351015466,1.3802736168978038
20251016,-0.0054898194749773,-0.0048520011953958,0.0026342035633508,1.3596361039941611,1.4286338212482297,1.3839095385778353
20251017,-0.0115859391813972,-0.0270339454551382,-0.022559069853689,1.3438834427844528,1.3900122124492391,1.3526898266258711
20251020,0.0150927084725964,0.0106875968949212,0.0053133261021331,1.364166283807548,1.4048681026549144,1.3598771087897723
20251021,0.0076477009349421,0.0195061276259011,0.015347735117563,1.3745990195716395,1.4322716391628587,1.380748142447915
20251022,0.0022611308128204,-0.0049986062265605,-0.0033207306236731,1.3777071677700656,1.425112277229213,1.3761630498077089
20251023,-0.0129065260335599,0.0002439762325487,0.0029993445935501,1.359925754342619,1.4254599707535704,1.380290637010993
20251024,0.0082764952004172,0.0065286733784532,0.0117965118850094,1.3711811733213597,1.43476633331668,1.3965732519152605
20251027,0.0065626721400862,0.0069164376338854,0.0118727435578924,1.3801797858065266,1.4446898051802637,1.4131544079950624
20251028,-0.0007118058635512,0.0012652483168483,-0.0050987076259623,1.3791973657422345,1.4465176965246356,1.4059491468383558
20251029,-0.0040232198185126,0.0018929251882194,0.011906462377341,1.37364855156674,1.4492558463075922,1.4226890274596415
20251030,-0.0213555732004215,-0.0103410776421537,-0.0079882257140292,1.3443134993721035,1.4342689790775802,1.4113242663874213
20251031,0.0199680283985154,0.0103582429794027,-0.0147016366126664,1.3711567895040735,1.4491254856606857,1.3905754898803553
20251103,0.0182530194523397,0.0102885575442428,0.0027442603301301,1.3961845410550993,1.4640348966087344,1.3943915910332854
20251104,0.0090695907089637,0.0034675175476299,-0.0074577253445586,1.4088473633966514,1.4691114633030675,1.383992601524597
20251105,0.0155462026252871,0.003356576298313,0.0018529027329989,1.4307495899761171,1.4740426480203708,1.3865570051984122
20251106,0.0005658954245587,-0.0041453067814143,0.0142949051673595,1.4315592446227738,1.467932289035438,1.4063777060968616
20251107,0.0084016407469387,0.0018597604103527,-0.0031126241188909,1.4435866911040534,1.4706622913916647,1.402000180928594
20251110,0.0129014191958268,0.0049792044556648,0.0034744634216028,1.4622110081515032,1.4779850196257405,1.406871379274311
20251111,0.006462142862951,0.0103447920808901,-0.0091341292651002,1.4716600245819578,1.493274467352439,1.3940208342366496
20251112,-0.0122492880985858,-0.0086153948951545,-0.0013450940212681,1.4536332369576814,1.480409318129346,1.3921457451469943
20251113,0.0181195051181858,0.01648270232931,0.0120893270398236,1.4799723518347014,1.5048104642456088,1.4089758503471757
20251114,0.0074164346876898,-0.0057029834489742,-0.0157237004659518,1.4909484701216704,1.496228555074173,1.3868215361125569
20251117,-0.001902726389972,0.0058132906418888,-0.0065009488261352,1.4881116031214816,1.5049265665315126,1.3778058802753068
20251118,-0.0056044246737378,-0.0134975675403334,-0.0064939884875172,1.479771593735672,1.4846137185565114,1.3688584247507654
20251119,-0.0164468770898651,-0.0122779426643798,0.0043998580795452,1.4554339722124274,1.4663857164413228,1.374881207550659
20251120,-0.0126899058296682,-0.0085418529613899,-0.0050877099762739,1.4369646521637518,1.4538600652667986,1.3678862107148115
20251121,-0.0341306744781656,-0.0390334784004222,-0.0243903528984106,1.3879200793841202,1.3971108498119704,1.3345229833106076
20251124,0.0073386479090605,0.0137821608746094,-0.0012483811999961,1.3981055361726356,1.4163660563037417,1.3328569899072795
20251125,0.0140078142752749,0.0146830346555622,0.009522582019015,1.4176899388605757,1.4371626081934112,1.3455492299132892
20251126,-0.0100082276257201,-0.0056461443578699,0.0060619925861025,1.4035013752497656,1.4290481806418185,1.3537059393692594
20251127,0.0035253872277518,0.0032403544728525,-0.0004920283896928,1.4084492610722033,1.433678803305883,1.353039877615794
20251128,0.0229841804074734,0.0134701883332034,0.0024934431651024,1.4408213129834595,1.4529907267957347,1.356413605650746
20251201,-0.0082307697836974,0.0077148689675828,0.0110067869884507,1.428962244456848,1.4642003598640767,1.37134336127638
20251202,0.0229784264382466,0.0001545723935524,-0.0048401550744526,1.4617975482741314,1.4644266848183414,1.3647058467474813
20251203,0.0010667424705325,-0.0070391753796973,-0.0051129531608645,1.463356909802196,1.4541183285531962,1.3577281696747034
20251204,-0.0301502374593803,-0.0122194135196544,0.0034247701514389,1.4192363514838346,1.436349855390096,1.3623780765839733
20251205,0.0159797792613562,0.011326946284323,0.0083514451696999,1.441915435100239,1.4526193130475948,1.3737559023909656
20251208,0.0004479288588997,0.0100012466589154,0.0081180938497429,1.4425613106357134,1.4671473170988882,1.3849081817332136
20251209,-0.00243376065644,-0.0095038569260049,-0.0050914214504469,1.4390504616733857,1.4532037589078084,1.3778570305098377
20251210,-0.0012305320008787,0.0045519954461549,-0.0013909503131558,1.437279664029417,1.4598187358006922,1.375940499841766
20251211,-0.0310493832675487,-0.0209652977637885,-0.0086332732940543,1.3926530168783138,1.4292132013234733,1.364061629470274
20251212,-0.0074311026663509,-0.0013087136559711,0.0063189877528697,1.3823040693312876,1.427342770489607,1.3726811182010563
20251215,0.0129782675670318,0.0025186746716215,-0.0063066394525153,1.400243981402066,1.4309377825733611,1.3640241133052866
20251216,-0.0114967945877623,-0.0152605684149275,-0.0119737228396569,1.384145663975136,1.4091008586448954,1.3476916666259604
20251217,-0.0007446342611994,0.0051073380572297,0.0183033913207721,1.3831149816912494,1.4162976130867275,1.372358994579959
20251218,-0.0055715222363055,0.0003008918511371,-0.0059133491634597,1.3754089258153892,1.4167237654972904,1.364243756667393
20251219,0.0252839471777909,0.0168893454239822,0.0033793544647739,1.410184692443568,1.440651302543139,1.368854019897527
20251222,0.004379554757778,0.0069045472861359,0.0095104435617341,1.416360673522705,1.450598347584381,1.3818724287980153
20251223,-0.0110663990941599,-0.0066676088890302,0.0019755732444333,1.4006866610482296,1.440926325147615,1.3846024189955688
20251224,0.0144511263521746,0.0113697404823661,0.0035864978902953,1.4209281609668434,1.457309283518753,1.3895682926501942
20251225,0.0045801543728781,0.0097196117936838,0.0018919487071684,1.4274362312968412,1.4714737640178872,1.392197284584996
20251226,0.0032979390016394,0.0006939633479726,0.0037767519932856,1.432143828916388,1.4724949128776188,1.397455268454599
20251229,-0.0031387906889425,-0.0007737872090488,-0.0043896321070233,1.4276486292009587,1.4713555151486446,1.391320953940062
20251230,-0.0086275719932759,0.0003929020165717,0.0020995171110644,1.4153314878714258,1.4719336136976406,1.3942420560898416
20251231,-0.0024019172366589,-0.0046047887957018,-0.0041902367483761,1.4119319787751212,1.4651556702852686,1.3883998517902825
20260105,0.0060366667784848,0.0136528981219548,0.0191458026509572,1.4204553416448733,1.4851592913844778,1.4149818813532775
20260107,0.0086771134032623,0.0011586180329022,-0.0036592803415328,1.4327807937285957,1.486880023721208,1.4098040659712163
20260108,0.0171939730789008,0.0111096305175458,-0.007753519689859,1.4574159881239312,1.5033987114086704,1.3988731223868651
20260109,0.0105831377336187,0.0108971860966248,0.0045239564055108,1.4728400222614249,1.519781526944317,1.4052015634093842
20260112,0.0193484733546079,0.0153960910008667,0.0057318321392016,1.5013372281877502,1.543180221634588,1.4132559428925906
20260113,-0.0270520572439592,-0.010342189678862,-0.0034602076124568,1.460722967548328,1.5272203590737747,1.4083657839206438
20260114,0.0007751706170053,0.0044192490850001,-0.0061274509803922,1.4618552770723563,1.5339695262482052,1.3997360916172084
20260115,-0.0160369182400597,-0.0061701120130363,0.001849568434032,1.4384116235151472,1.5245047624466694,1.402324999308239
20260116,-0.0090633874226877,-0.0035457462313227,-0.0032820512820512,1.425374741697932,1.5190992554305909,1.3977224967464068
20260119,0.0192832194187,0.0124859488041077,0.0263441705875915,1.4528605555959662,1.5380666509622556,1.4345443366348083
20260120,-0.006929478237071,-0.0049751359215372,-0.0029548332629801,1.442792989994465,1.5304145603173347,1.4303054973117
20260121,-0.0015042464775974,0.0065901667053896,0.0012701100762066,1.4406226737213634,1.5405002473981817,1.4321221427358894
20260122,0.0126441444609866,0.0120777746795194,-0.0006342494714588,1.4588381149216691,1.5591060622800006,1.4312138200237947
20260123,0.0088074954173234,0.0133373067663703,-0.0048656653268458,1.4716868249334585,1.5799003381139365,1.4242500125644024
20260126,-0.0141491528788876,-0.0138073415825385,0.0017006802721089,1.4508637030576303,1.5580861144792293,1.4266722064633215
20260127,-0.003260967558143141,-0.006209613972404997,-0.0004244482173174635,1.4461324835906721,1.5484110011725487,1.4260666579885917
